{"stats":{"minecraft:used":{"minecraft:piston":52,"minecraft:lever":23,"minecraft:water_bucket":9,"minecraft:sea_lantern":306,"minecraft:lava_bucket":5,"minecraft:command_block":72,"minecraft:red_concrete":2,"minecraft:barrier":27,"minecraft:redstone":19,"minecraft:oak_sign":31,"minecraft:stone_button":3,"minecraft:quartz_block":367,"minecraft:white_terracotta":1,"minecraft:stone":11,"minecraft:item_frame":8,"minecraft:white_wool":15,"minecraft:repeater":104,"minecraft:diamond_sword":27,"minecraft:dirt":5,"minecraft:potion":1,"minecraft:comparator":25,"minecraft:white_stained_glass":215,"minecraft:yellow_concrete":4,"minecraft:chain_command_block":8,"minecraft:skeleton_skull":31,"minecraft:repeating_command_block":97,"minecraft:white_concrete":5863,"minecraft:milk_bucket":2},"minecraft:killed":{"minecraft:sheep":1,"minecraft:horse":2,"minecraft:pig":5,"minecraft:chicken":4,"minecraft:cow":1},"minecraft:picked_up":{"minecraft:chicken":4,"minecraft:feather":6,"minecraft:stone":1,"minecraft:repeater":1,"minecraft:porkchop":7,"minecraft:stone_button":2,"minecraft:redstone":1,"minecraft:item_frame":1,"minecraft:repeating_command_block":4,"minecraft:oak_sign":7,"minecraft:lever":3,"minecraft:beef":1,"minecraft:white_concrete":6,"minecraft:gold_ingot":257,"minecraft:mutton":1,"minecraft:white_wool":1,"minecraft:egg":3},"minecraft:custom":{"minecraft:time_since_rest":15056,"minecraft:sprint_one_cm":268961,"minecraft:damage_taken":270,"minecraft:walk_one_cm":664841,"minecraft:mob_kills":13,"minecraft:drop":3,"minecraft:damage_dealt":1305,"minecraft:fly_one_cm":4934564,"minecraft:crouch_one_cm":43393,"minecraft:play_one_minute":661550,"minecraft:deaths":131,"minecraft:sneak_time":26088,"minecraft:walk_under_water_one_cm":614,"minecraft:jump":2471,"minecraft:leave_game":19,"minecraft:walk_on_water_one_cm":44,"minecraft:time_since_death":15030,"minecraft:fall_one_cm":10434},"minecraft:dropped":{"minecraft:stone_button":1,"minecraft:white_concrete":2}},"DataVersion":2586}