{"stats":{"minecraft:picked_up":{"minecraft:iron_chestplate":1,"minecraft:acacia_leaves":10,"minecraft:torch":3,"minecraft:golden_boots":1,"minecraft:netherite_leggings":1,"minecraft:white_banner":2,"minecraft:oak_wood":1,"minecraft:armor_stand":1,"minecraft:slime_block":2,"minecraft:iron_helmet":1,"minecraft:painting":1,"minecraft:green_wool":2},"minecraft:mined":{"minecraft:jungle_leaves":1,"minecraft:white_wall_banner":2,"minecraft:torch":3,"minecraft:oak_wood":1,"minecraft:tall_grass":2,"minecraft:slime_block":2,"minecraft:green_wool":2,"minecraft:wall_torch":2},"minecraft:used":{"minecraft:armor_stand":1,"minecraft:slime_block":2,"minecraft:green_wool":2,"minecraft:torch":3,"minecraft:white_banner":1,"minecraft:acacia_leaves":10,"minecraft:painting":1},"minecraft:crafted":{"minecraft:oak_planks":4},"minecraft:killed_by":{"minecraft:player":4},"minecraft:custom":{"minecraft:time_since_rest":881,"minecraft:sprint_one_cm":125467,"minecraft:damage_taken":16822,"minecraft:walk_one_cm":136588,"minecraft:damage_dealt":1122,"minecraft:swim_one_cm":2298,"minecraft:fly_one_cm":145318,"minecraft:player_kills":11,"minecraft:open_chest":2,"minecraft:play_one_minute":88172,"minecraft:crouch_one_cm":4931,"minecraft:deaths":45,"minecraft:sneak_time":5569,"minecraft:walk_under_water_one_cm":3622,"minecraft:jump":1095,"minecraft:leave_game":1,"minecraft:walk_on_water_one_cm":3239,"minecraft:time_since_death":875,"minecraft:sleep_in_bed":1,"minecraft:climb_one_cm":52651,"minecraft:interact_with_smoker":3,"minecraft:fall_one_cm":202864}},"DataVersion":2586}