{"stats":{"minecraft:picked_up":{"minecraft:jungle_leaves":6,"minecraft:slime_block":2,"minecraft:acacia_leaves":68,"minecraft:torch":1},"minecraft:mined":{"minecraft:acacia_leaves":87,"minecraft:slime_block":2,"minecraft:jungle_leaves":9},"minecraft:used":{"minecraft:torch":1,"minecraft:slime_block":2,"minecraft:shears":96},"minecraft:killed_by":{"minecraft:player":8},"minecraft:killed":{"minecraft:zombie":1},"minecraft:custom":{"minecraft:time_since_rest":588,"minecraft:open_chest":2,"minecraft:crouch_one_cm":17148,"minecraft:play_one_minute":85833,"minecraft:sprint_one_cm":52594,"minecraft:damage_taken":5676,"minecraft:deaths":17,"minecraft:walk_one_cm":215716,"minecraft:sneak_time":4368,"minecraft:walk_under_water_one_cm":1327,"minecraft:mob_kills":1,"minecraft:jump":958,"minecraft:minecart_one_cm":19473,"minecraft:damage_dealt":518,"minecraft:leave_game":2,"minecraft:walk_on_water_one_cm":1539,"minecraft:time_since_death":583,"minecraft:climb_one_cm":25551,"minecraft:swim_one_cm":3343,"minecraft:inspect_dispenser":2,"minecraft:fall_one_cm":77751,"minecraft:fly_one_cm":145934,"minecraft:player_kills":5}},"DataVersion":2586}