{"stats":{"minecraft:picked_up":{"minecraft:rotten_flesh":2,"minecraft:slime_block":1,"minecraft:torch":1,"minecraft:painting":2,"minecraft:green_wool":1,"minecraft:poppy":1,"minecraft:dirt":3,"minecraft:dark_oak_trapdoor":1},"minecraft:used":{"minecraft:dark_oak_trapdoor":1,"minecraft:dirt":3,"minecraft:bow":4,"minecraft:green_wool":1},"minecraft:mined":{"minecraft:grass":3,"minecraft:grass_block":3,"minecraft:poppy":2,"minecraft:dark_oak_trapdoor":1,"minecraft:tall_grass":1,"minecraft:slime_block":1,"minecraft:green_wool":1},"minecraft:killed_by":{"minecraft:player":4},"minecraft:custom":{"minecraft:open_barrel":1,"minecraft:open_chest":1,"minecraft:time_since_rest":738,"minecraft:play_one_minute":22830,"minecraft:crouch_one_cm":838,"minecraft:walk_one_cm":62065,"minecraft:sprint_one_cm":38738,"minecraft:damage_taken":4050,"minecraft:deaths":14,"minecraft:sneak_time":374,"minecraft:walk_under_water_one_cm":323,"minecraft:pot_flower":1,"minecraft:drop":1,"minecraft:jump":674,"minecraft:damage_dealt":239,"minecraft:leave_game":1,"minecraft:time_since_death":732,"minecraft:walk_on_water_one_cm":1505,"minecraft:sleep_in_bed":1,"minecraft:climb_one_cm":4996,"minecraft:fly_one_cm":53867,"minecraft:fall_one_cm":61026,"minecraft:target_hit":2},"minecraft:dropped":{"minecraft:poppy":1}},"DataVersion":2586}