{"stats":{"minecraft:dropped":{"minecraft:repeater":1,"minecraft:chain_command_block":1},"minecraft:used":{"minecraft:oak_fence":10,"minecraft:water_bucket":39,"minecraft:mossy_stone_bricks":122,"minecraft:nether_brick_wall":8,"minecraft:jungle_leaves":588,"minecraft:damaged_anvil":1,"minecraft:iron_bars":137,"minecraft:tube_coral_block":5,"minecraft:cobblestone_stairs":5,"minecraft:spruce_door":3,"minecraft:flint_and_steel":21,"minecraft:smooth_quartz_slab":64,"minecraft:oak_planks":10,"minecraft:armor_stand":1,"minecraft:polished_blackstone":3,"minecraft:dispenser":3,"minecraft:redstone":162,"minecraft:red_nether_bricks":107,"minecraft:birch_wood":13,"minecraft:ladder":10,"minecraft:prismarine_stairs":125,"minecraft:oak_sign":4,"minecraft:blue_wool":119,"minecraft:polished_basalt":12,"minecraft:blackstone":5,"minecraft:spruce_planks":36,"minecraft:chest":5,"minecraft:redstone_block":6,"minecraft:blue_concrete_powder":4,"minecraft:spruce_sign":6,"minecraft:cobblestone_slab":47,"minecraft:player_head":8,"minecraft:mossy_stone_brick_slab":16,"minecraft:smooth_quartz_stairs":102,"minecraft:dried_kelp_block":11,"minecraft:cracked_stone_bricks":189,"minecraft:polished_blackstone_bricks":9,"minecraft:oak_leaves":32,"minecraft:yellow_terracotta":195,"minecraft:polished_blackstone_pressure_plate":1,"minecraft:torch":338,"minecraft:dark_oak_trapdoor":26,"minecraft:birch_pressure_plate":1,"minecraft:dirt":43,"minecraft:mossy_cobblestone":15,"minecraft:target":11,"minecraft:vine":738,"minecraft:sand":2,"minecraft:rail":95,"minecraft:tnt":27,"minecraft:loom":1,"minecraft:nether_bricks":83,"minecraft:twisting_vines":10,"minecraft:orange_wool":110,"minecraft:acacia_leaves":230,"minecraft:blue_ice":3,"minecraft:oak_wood":56,"minecraft:chiseled_quartz_block":44,"minecraft:stone_brick_wall":10,"minecraft:acacia_button":18,"minecraft:painting":28,"minecraft:spruce_fence":14,"minecraft:cyan_wool":120,"minecraft:piston":9,"minecraft:obsidian":32,"minecraft:honey_block":40,"minecraft:flower_pot":1,"minecraft:birch_fence":2,"minecraft:redstone_torch":2,"minecraft:oak_log":259,"minecraft:jungle_sapling":8,"minecraft:sticky_piston":12,"minecraft:dark_prismarine":3,"minecraft:stone_brick_slab":71,"minecraft:lever":97,"minecraft:black_wool":2,"minecraft:sea_lantern":2,"minecraft:activator_rail":1,"minecraft:lava_bucket":9,"minecraft:firework_rocket":99,"minecraft:crying_obsidian":38,"minecraft:bookshelf":181,"minecraft:quartz_pillar":59,"minecraft:command_block":295,"minecraft:heavy_weighted_pressure_plate":8,"minecraft:red_wool":167,"minecraft:lantern":35,"minecraft:cracked_polished_blackstone_bricks":7,"minecraft:iron_block":20,"minecraft:grass_block":175,"minecraft:string":50,"minecraft:oak_button":4,"minecraft:barrier":27,"minecraft:slime_block":48,"minecraft:stone_button":7,"minecraft:detector_rail":1,"minecraft:dark_oak_wood":6,"minecraft:stone_slab":24,"minecraft:dark_oak_leaves":49,"minecraft:dark_oak_slab":48,"minecraft:spruce_trapdoor":71,"minecraft:oak_pressure_plate":2,"minecraft:iron_door":16,"minecraft:prismarine_wall":4,"minecraft:dark_oak_button":2,"minecraft:stone_brick_stairs":50,"minecraft:yellow_wool":116,"minecraft:stone_bricks":172,"minecraft:soul_lantern":13,"minecraft:bedrock":74,"minecraft:chiseled_stone_bricks":1,"minecraft:repeater":192,"minecraft:glowstone":76,"minecraft:red_nether_brick_wall":8,"minecraft:redstone_lamp":40,"minecraft:cobblestone":6,"minecraft:bow":4,"minecraft:magenta_wool":3417,"minecraft:emerald_block":7,"minecraft:scaffolding":1,"minecraft:iron_trapdoor":5,"minecraft:jungle_button":16,"minecraft:white_banner":4,"minecraft:dark_oak_fence":34,"minecraft:birch_log":43,"minecraft:chain_command_block":57,"minecraft:minecart":13,"minecraft:lapis_block":29,"minecraft:chain":44,"minecraft:glass_pane":3,"minecraft:repeating_command_block":15,"minecraft:sea_pickle":15,"minecraft:crimson_pressure_plate":1,"minecraft:stone_pressure_plate":3,"minecraft:cobweb":97,"minecraft:coarse_dirt":2,"minecraft:warped_button":28,"minecraft:mossy_stone_brick_wall":17,"minecraft:birch_stairs":6,"minecraft:dark_prismarine_stairs":122,"minecraft:smooth_stone":2,"minecraft:bone_meal":21,"minecraft:soul_torch":11},"minecraft:custom":{"minecraft:interact_with_anvil":3,"minecraft:play_one_minute":731958,"minecraft:interact_with_loom":2,"minecraft:pot_flower":1,"minecraft:leave_game":42,"minecraft:time_since_death":121408,"minecraft:climb_one_cm":19219,"minecraft:time_since_rest":121432,"minecraft:sprint_one_cm":214966,"minecraft:damage_taken":4086,"minecraft:walk_one_cm":490584,"minecraft:drop":2,"minecraft:minecart_one_cm":9448,"minecraft:swim_one_cm":13348,"minecraft:target_hit":1,"minecraft:fly_one_cm":5154005,"minecraft:open_chest":8,"minecraft:crouch_one_cm":33206,"minecraft:deaths":18,"minecraft:sneak_time":33833,"minecraft:walk_under_water_one_cm":37955,"minecraft:aviate_one_cm":2840688,"minecraft:jump":2324,"minecraft:walk_on_water_one_cm":21682,"minecraft:inspect_dispenser":4,"minecraft:fall_one_cm":25486},"minecraft:picked_up":{"minecraft:repeater":1,"minecraft:iron_door":3,"minecraft:stone_bricks":2,"minecraft:cracked_stone_bricks":5,"minecraft:bow":4,"minecraft:redstone_torch":1,"minecraft:jungle_sapling":2,"minecraft:mossy_stone_bricks":2,"minecraft:minecart":16,"minecraft:egg":6,"minecraft:stick":1,"minecraft:chain_command_block":1,"minecraft:torch":6,"minecraft:stone_button":1,"minecraft:warped_button":3,"minecraft:arrow":256,"minecraft:painting":1,"minecraft:rail":1}},"DataVersion":2586}