{"stats":{"minecraft:used":{"minecraft:oak_fence":58,"minecraft:oak_trapdoor":6,"minecraft:nether_brick_fence":4,"minecraft:netherite_sword":3,"minecraft:jungle_leaves":194,"minecraft:rose_bush":12,"minecraft:writable_book":1,"minecraft:iron_bars":54,"minecraft:flint_and_steel":26,"minecraft:melon":38,"minecraft:smooth_quartz_slab":5,"minecraft:armor_stand":2,"minecraft:spruce_slab":28,"minecraft:dispenser":2,"minecraft:redstone":48,"minecraft:ladder":66,"minecraft:light_gray_carpet":2,"minecraft:spruce_planks":34,"minecraft:chest":5,"minecraft:white_terracotta":463,"minecraft:stone":93,"minecraft:netherrack":158,"minecraft:torch":239,"minecraft:dirt":9,"minecraft:anvil":2,"minecraft:twisting_vines":20,"minecraft:jungle_planks":86,"minecraft:nether_bricks":3,"minecraft:cobblestone_wall":3,"minecraft:oak_wood":227,"minecraft:acacia_sapling":13,"minecraft:jungle_trapdoor":1,"minecraft:blue_concrete":32,"minecraft:weeping_vines":16,"minecraft:oak_fence_gate":2,"minecraft:obsidian":299,"minecraft:polished_diorite":16,"minecraft:shroomlight":42,"minecraft:jungle_sapling":4,"minecraft:polished_blackstone_slab":19,"minecraft:glass":9,"minecraft:stone_brick_slab":38,"minecraft:crimson_button":2,"minecraft:honey_block":49,"minecraft:sea_lantern":17,"minecraft:lava_bucket":65,"minecraft:bookshelf":705,"minecraft:quartz_pillar":77,"minecraft:lantern":177,"minecraft:red_wool":18,"minecraft:spruce_wood":144,"minecraft:quartz_slab":1,"minecraft:yellow_stained_glass":1,"minecraft:iron_block":813,"minecraft:grass_block":78,"minecraft:oak_stairs":2,"minecraft:slime_block":14,"minecraft:acacia_slab":82,"minecraft:green_wool":13,"minecraft:warped_nylium":6,"minecraft:dark_oak_slab":24,"minecraft:mossy_cobblestone_slab":19,"minecraft:crimson_roots":22,"minecraft:dark_oak_button":2,"minecraft:crimson_planks":1,"minecraft:barrel":12,"minecraft:stone_bricks":513,"minecraft:item_frame":9,"minecraft:bedrock":7,"minecraft:repeater":77,"minecraft:birch_button":21,"minecraft:birch_trapdoor":4,"minecraft:purple_concrete":74,"minecraft:glowstone":224,"minecraft:red_carpet":16,"minecraft:redstone_lamp":10,"minecraft:magenta_wool":2073,"minecraft:snow":8,"minecraft:black_stained_glass":1,"minecraft:warped_fungus":12,"minecraft:emerald_block":1,"minecraft:scaffolding":2,"minecraft:iron_trapdoor":53,"minecraft:dark_oak_pressure_plate":1,"minecraft:minecart":21,"minecraft:gold_block":11,"minecraft:crimson_pressure_plate":1,"minecraft:stone_pressure_plate":6,"minecraft:mossy_stone_brick_wall":4,"minecraft:pumpkin":29,"minecraft:dark_oak_sapling":4,"minecraft:dark_oak_stairs":9,"minecraft:water_bucket":24,"minecraft:mossy_stone_bricks":53,"minecraft:cobblestone_stairs":45,"minecraft:spruce_door":17,"minecraft:snow_block":3,"minecraft:birch_planks":1,"minecraft:gray_carpet":47,"minecraft:dark_oak_sign":19,"minecraft:acacia_trapdoor":1,"minecraft:powered_rail":40,"minecraft:oak_planks":134,"minecraft:jungle_fence":5,"minecraft:red_nether_bricks":2,"minecraft:redstone_block":5,"minecraft:spruce_sign":4,"minecraft:cauldron":3,"minecraft:beacon":2,"minecraft:green_bed":2,"minecraft:cobblestone_slab":168,"minecraft:warped_roots":22,"minecraft:oak_leaves":68,"minecraft:cracked_stone_bricks":116,"minecraft:smooth_quartz_stairs":18,"minecraft:white_wool":3,"minecraft:dark_oak_trapdoor":113,"minecraft:mossy_cobblestone":16,"minecraft:diamond_block":1,"minecraft:rail":132,"minecraft:terracotta":23,"minecraft:vine":455,"minecraft:light_blue_concrete":5,"minecraft:oak_slab":97,"minecraft:crafting_table":1,"minecraft:red_bed":3,"minecraft:red_mushroom":10,"minecraft:birch_sign":2,"minecraft:yellow_concrete":1,"minecraft:acacia_leaves":5,"minecraft:sponge":1,"minecraft:chiseled_quartz_block":1,"minecraft:stone_brick_wall":7,"minecraft:painting":62,"minecraft:smoker":3,"minecraft:spruce_log":76,"minecraft:dark_oak_door":4,"minecraft:nether_gold_ore":2,"minecraft:oak_log":428,"minecraft:birch_fence":12,"minecraft:redstone_torch":22,"minecraft:purple_stained_glass":1,"minecraft:sticky_piston":11,"minecraft:lever":3,"minecraft:flower_pot":5,"minecraft:black_concrete":13,"minecraft:black_wool":35,"minecraft:firework_rocket":15,"minecraft:acacia_door":1,"minecraft:command_block":148,"minecraft:heavy_weighted_pressure_plate":2,"minecraft:nether_sprouts":19,"minecraft:barrier":17,"minecraft:stone_button":16,"minecraft:detector_rail":1,"minecraft:cyan_concrete":26,"minecraft:lectern":3,"minecraft:magenta_concrete":211,"minecraft:cracked_nether_bricks":2,"minecraft:spruce_trapdoor":61,"minecraft:oak_pressure_plate":1,"minecraft:iron_door":3,"minecraft:soul_lantern":5,"minecraft:crimson_sign":2,"minecraft:green_carpet":9,"minecraft:coal_block":10,"minecraft:crimson_fungus":6,"minecraft:cobblestone":385,"minecraft:smithing_table":1,"minecraft:dark_oak_fence":136,"minecraft:andesite":40,"minecraft:lapis_block":35,"minecraft:chain_command_block":75,"minecraft:chain":63,"minecraft:glass_pane":5,"minecraft:repeating_command_block":8,"minecraft:smooth_stone_slab":18,"minecraft:polished_blackstone_button":3,"minecraft:warped_button":34,"minecraft:bone_meal":149,"minecraft:soul_torch":32,"minecraft:birch_stairs":3},"minecraft:dropped":{"minecraft:command_block":1,"minecraft:repeater":1,"minecraft:wooden_axe":1,"minecraft:chain_command_block":1},"minecraft:custom":{"minecraft:interact_with_smithing_table":1,"minecraft:mob_kills":3,"minecraft:open_barrel":1,"minecraft:leave_game":34,"minecraft:time_since_death":383814,"minecraft:climb_one_cm":14801,"minecraft:sprint_one_cm":161079,"minecraft:walk_one_cm":490424,"minecraft:drop":4,"minecraft:deaths":1,"minecraft:sneak_time":44203,"minecraft:walk_under_water_one_cm":11002,"minecraft:jump":2287,"minecraft:walk_on_water_one_cm":8531,"minecraft:play_one_minute":753948,"minecraft:pot_flower":4,"minecraft:time_since_rest":383815,"minecraft:damage_taken":130,"minecraft:minecart_one_cm":40215,"minecraft:damage_dealt":220,"minecraft:swim_one_cm":96,"minecraft:fly_one_cm":3835854,"minecraft:open_chest":1,"minecraft:crouch_one_cm":53763,"minecraft:aviate_one_cm":2142864,"minecraft:interact_with_smoker":2,"minecraft:fall_one_cm":3512,"minecraft:inspect_dispenser":6},"minecraft:killed":{"minecraft:bat":3},"minecraft:picked_up":{"minecraft:wooden_axe":1,"minecraft:heavy_weighted_pressure_plate":1,"minecraft:minecart":9,"minecraft:stone_button":1,"minecraft:warped_button":2,"minecraft:command_block":1,"minecraft:repeater":1,"minecraft:lantern":15,"minecraft:chain_command_block":1,"minecraft:soul_torch":4,"minecraft:spruce_door":1,"minecraft:painting":3,"minecraft:warped_roots":1}},"DataVersion":2586}